sample	gene	mutation_type
TCGA-01	TP53	Missense
TCGA-01	KRAS	Missense
TCGA-02	TP53	Nonsense
TCGA-02	BRAF	Missense
TCGA-03	TP53	Missense
TCGA-03	PIK3CA	In_Frame_Del
TCGA-04	TP53	Missense
TCGA-04	KRAS	Missense
TCGA-04	APC	Nonsense
TCGA-05	TP53	Frame_Shift_Del
TCGA-05	EGFR	Missense
TCGA-06	TP53	Missense
TCGA-06	KRAS	Missense
TCGA-06	BRAF	Missense
TCGA-07	TP53	Missense
TCGA-07	SMAD4	Nonsense
TCGA-08	tp53	Missense
TCGA-08	PTEN	Splice_Site
TCGA-08	PIK3CA	Missense
TCGA-09	tp53	Nonsense
TCGA-09	KRAS	Missense
TCGA-10	tp53	Missense
TCGA-10	APC	Missense
TCGA-10	BRAF	Missense
TCGA-11	KRAS	Missense
TCGA-11	PIK3CA	Missense
TCGA-12	TP53	Missense
TCGA-12	KRAS	Nonsense
TCGA-12	APC	Frame_Shift_Del
TCGA-13	TP53	Missense
TCGA-13	PTEN	Missense
TCGA-14	TP53	Splice_Site
TCGA-14	EGFR	Missense
TCGA-15	TP53	Missense
TCGA-15	KRAS	Missense
TCGA-15	APC	In_Frame_Del
TCGA-16	TP53	Missense
TCGA-16	PIK3CA	Nonsense
TCGA-17	TP53	Frame_Shift_Del
TCGA-17	KRAS	Missense
TCGA-18	TP53	Missense
TCGA-18	BRAF	Splice_Site
TCGA-18	CDKN2A	Missense
TCGA-19	TP53	Missense
TCGA-19	KRAS	Missense
TCGA-19	APC	Nonsense
TCGA-20	TP53	Missense
TCGA-20	KRAS	Missense
TCGA-20	BRAF	Missense
TCGA-20	PIK3CA	Splice_Site